-- DEPOSIT
CREATE TABLE DEPOSIT (
  ACTNO VARCHAR2(5),
  CNAME VARCHAR2(15),
  BNAME VARCHAR2(15),
  AMOUNT NUMBER(9,2),
  ADATE DATE
);

-- BRANCH
CREATE TABLE BRANCH (
  BNAME VARCHAR2(15),
  CITY VARCHAR2(15)
);

-- CUSTOMERS
CREATE TABLE CUSTOMERS (
  CNAME VARCHAR2(15),
  CITY VARCHAR2(15)
);

-- BORROW
CREATE TABLE BORROW (
  LOANNO VARCHAR2(5),
  CNAME VARCHAR2(15),
  BNAME VARCHAR2(15),
  AMOUNT NUMBER(9,2)
);

-- DEPOSIT
INSERT INTO DEPOSIT VALUES ('100','ANIL','VRCE',1000,TO_DATE('01-MAR-95','DD-MON-YY'));
INSERT INTO DEPOSIT VALUES ('101','SUNIL','AJNI',5000,TO_DATE('04-JAN-96','DD-MON-YY'));
INSERT INTO DEPOSIT VALUES ('102','MEHUL','KAROLBAGH',3500,TO_DATE('17-NOV-95','DD-MON-YY'));
INSERT INTO DEPOSIT VALUES ('104','MADHURI','CHANDI',1200,TO_DATE('17-DEC-95','DD-MON-YY'));
INSERT INTO DEPOSIT VALUES ('105','PRMOD','M G ROAD',3000,TO_DATE('27-MAR-96','DD-MON-YY'));
INSERT INTO DEPOSIT VALUES ('106','SANDIP','ANDHERI',2000,TO_DATE('31-MAR-96','DD-MON-YY'));
INSERT INTO DEPOSIT VALUES ('107','SHIVANI','VIRAR',1000,TO_DATE('05-SEP-95','DD-MON-YY'));
INSERT INTO DEPOSIT VALUES ('108','KRANTI','NEHRU PLACE',5000,TO_DATE('02-JUL-95','DD-MON-YY'));
INSERT INTO DEPOSIT VALUES ('109','MINU','POWAI',7000,TO_DATE('10-AUG-95','DD-MON-YY'));

-- BRANCH
INSERT INTO BRANCH VALUES ('VRCE','NAGPUR');
INSERT INTO BRANCH VALUES ('AJNI','NAGPUR');
INSERT INTO BRANCH VALUES ('KAROLBAGH','DELHI');
INSERT INTO BRANCH VALUES ('CHANDI','DELHI');
INSERT INTO BRANCH VALUES ('DHARAMPETH','NAGPUR');
INSERT INTO BRANCH VALUES ('M G ROAD','BANGLORE');
INSERT INTO BRANCH VALUES ('ANDHERI','BOMBAY');
INSERT INTO BRANCH VALUES ('VIRAR','BOMBAY');
INSERT INTO BRANCH VALUES ('NEHRU PLACE','DELHI');
INSERT INTO BRANCH VALUES ('POWAI','BOMBAY');

-- CUSTOMERS
INSERT INTO CUSTOMERS VALUES ('ANIL','CALCUTTA');
INSERT INTO CUSTOMERS VALUES ('SUNIL','DELHI');
INSERT INTO CUSTOMERS VALUES ('MEHUL','BARODA');
INSERT INTO CUSTOMERS VALUES ('MANDAR','PATNA');
INSERT INTO CUSTOMERS VALUES ('MADHURI','NAGPUR');
INSERT INTO CUSTOMERS VALUES ('PRAMOD','NAGPUR');
INSERT INTO CUSTOMERS VALUES ('SANDIP','SURAT');
INSERT INTO CUSTOMERS VALUES ('SHIVANI','BOMBAY');
INSERT INTO CUSTOMERS VALUES ('KRANTI','BOMBAY');
INSERT INTO CUSTOMERS VALUES ('NAREN','BOMBAY');

-- BORROW
INSERT INTO BORROW VALUES ('201','ANIL','VRCE',1000);
INSERT INTO BORROW VALUES ('206','MEHUL','AJNI',5000);
INSERT INTO BORROW VALUES ('311','SUNIL','DHARAMPETH',3000);
INSERT INTO BORROW VALUES ('321','MADHURI','ANDHERI',2000);
INSERT INTO BORROW VALUES ('375','PRMOD','VIRAR',8000);
INSERT INTO BORROW VALUES ('481','KRANTI','NEHRU PLACE',3000);


-- 1. Describe deposit, branch
DESC DEPOSIT;
DESC BRANCH;

-- 2. Describe borrow, customers
DESC BORROW;
DESC CUSTOMERS;

-- 3. List all data from DEPOSIT
SELECT * FROM DEPOSIT;

-- 4. List all data from BORROW
SELECT * FROM BORROW;

-- 5. List all data from CUSTOMERS
SELECT * FROM CUSTOMERS;

-- 6. List all data from BRANCH
SELECT * FROM BRANCH;

-- 7. Account no and amount
SELECT ACTNO, AMOUNT FROM DEPOSIT;

-- 8. Depositors having amount > 4000
SELECT CNAME FROM DEPOSIT
WHERE AMOUNT > 4000;

-- 9. Customers who opened account after 01-DEC-96
SELECT CNAME FROM DEPOSIT
WHERE ADATE > TO_DATE('01-DEC-96','DD-MON-YY');

-- 10. Customers from Bombay city
SELECT * FROM CUSTOMERS
WHERE CITY = 'BOMBAY';
